{"count":1,"self":5.802276,"total":6.2868379999999995,"children":{"InitializeActuators":{"count":12,"self":0.0023699999999999997,"total":0.0023699999999999997,"children":null},"InitializeSensors":{"count":12,"self":0.002704,"total":0.002704,"children":null},"SimpleIsMoveValid":{"count":338,"self":0.000488,"total":0.000488,"children":null},"AgentSendState":{"count":147,"self":0.0019299999999999999,"total":0.344538,"children":{"CollectObservations":{"count":20,"self":6.1E-05,"total":6.1E-05,"children":null},"WriteActionMask":{"count":20,"self":0.00079099999999999993,"total":0.0028499999999999997,"children":{"WriteDiscreteActionMask":{"count":20,"self":0.001312,"total":0.002059,"children":{"SimpleIsMoveValid":{"count":1822,"self":0.00074699999999999994,"total":0.00074699999999999994,"children":null}}}}},"RequestDecision":{"count":20,"self":0.33969699999999997,"total":0.33969699999999997,"children":null}}},"DecideAction":{"count":147,"self":0.13064499999999998,"total":0.130929,"children":{"SimpleIsMoveValid":{"count":652,"self":0.00028399999999999996,"total":0.00028399999999999996,"children":null}}},"AgentAct":{"count":147,"self":0.001192,"total":0.001455,"children":{"SimpleIsMoveValid":{"count":672,"self":0.000263,"total":0.000263,"children":null}}}},"gauges":{},"metadata":{"timer_format_version":"0.1.0","start_time_seconds":"1656801938","unity_version":"2020.3.34f1","command_line_arguments":"\/Users\/cesar.salcedo\/UnityEditors\/2020.3.34f1\/Unity.app\/Contents\/MacOS\/Unity -projectPath \/Users\/cesar.salcedo\/UnityProjects\/project2_oculus","communication_protocol_version":"1.5.0","com.unity.ml-agents_version":"2.2.1-exp.1","scene_name":"Match3","end_time_seconds":"1656801944"}}